<annotation>
	<folder>Урезанные фотки 2</folder>
	<filename>IMG_3778.jpg</filename>
	<path>C:\Users\Даша\OneDrive\Рабочий стол\Урезанные фотки 2\IMG_3778.jpg</path>
	<source>
		<database>Unknown</database>
	</source>
	<size>
		<width>605</width>
		<height>806</height>
		<depth>3</depth>
	</size>
	<segmented>0</segmented>
	<object>
		<name>antenna</name>
		<pose>Unspecified</pose>
		<truncated>0</truncated>
		<difficult>0</difficult>
		<bndbox>
			<xmin>284</xmin>
			<ymin>435</ymin>
			<xmax>363</xmax>
			<ymax>630</ymax>
		</bndbox>
	</object>
	<object>
		<name>antenna</name>
		<pose>Unspecified</pose>
		<truncated>0</truncated>
		<difficult>0</difficult>
		<bndbox>
			<xmin>387</xmin>
			<ymin>409</ymin>
			<xmax>459</xmax>
			<ymax>557</ymax>
		</bndbox>
	</object>
</annotation>
