<annotation>
	<folder>Урезанные фотки1</folder>
	<filename>a6ihtHI9uEM.jpg</filename>
	<path>C:\Users\Даша\OneDrive\Рабочий стол\Фоточки1\Урезанные фотки1\a6ihtHI9uEM.jpg</path>
	<source>
		<database>Unknown</database>
	</source>
	<size>
		<width>288</width>
		<height>384</height>
		<depth>3</depth>
	</size>
	<segmented>0</segmented>
	<object>
		<name>antenna</name>
		<pose>Unspecified</pose>
		<truncated>0</truncated>
		<difficult>0</difficult>
		<bndbox>
			<xmin>92</xmin>
			<ymin>176</ymin>
			<xmax>178</xmax>
			<ymax>222</ymax>
		</bndbox>
	</object>
</annotation>
