<annotation>
	<folder>Урезанные фотки1</folder>
	<filename>gZHARhph-os.jpg</filename>
	<path>C:\Users\Даша\OneDrive\Рабочий стол\Фоточки1\Урезанные фотки1\gZHARhph-os.jpg</path>
	<source>
		<database>Unknown</database>
	</source>
	<size>
		<width>288</width>
		<height>384</height>
		<depth>3</depth>
	</size>
	<segmented>0</segmented>
	<object>
		<name>antenna</name>
		<pose>Unspecified</pose>
		<truncated>0</truncated>
		<difficult>0</difficult>
		<bndbox>
			<xmin>156</xmin>
			<ymin>56</ymin>
			<xmax>192</xmax>
			<ymax>95</ymax>
		</bndbox>
	</object>
	<object>
		<name>antenna</name>
		<pose>Unspecified</pose>
		<truncated>0</truncated>
		<difficult>0</difficult>
		<bndbox>
			<xmin>171</xmin>
			<ymin>102</ymin>
			<xmax>213</xmax>
			<ymax>144</ymax>
		</bndbox>
	</object>
</annotation>
