<annotation>
	<folder>Урезанные фотки1</folder>
	<filename>IMG_3711.jpg</filename>
	<path>C:\Users\Даша\OneDrive\Рабочий стол\Фоточки1\Урезанные фотки1\IMG_3711.jpg</path>
	<source>
		<database>Unknown</database>
	</source>
	<size>
		<width>605</width>
		<height>806</height>
		<depth>3</depth>
	</size>
	<segmented>0</segmented>
	<object>
		<name>antenna</name>
		<pose>Unspecified</pose>
		<truncated>0</truncated>
		<difficult>0</difficult>
		<bndbox>
			<xmin>201</xmin>
			<ymin>450</ymin>
			<xmax>365</xmax>
			<ymax>736</ymax>
		</bndbox>
	</object>
	<object>
		<name>antenna</name>
		<pose>Unspecified</pose>
		<truncated>0</truncated>
		<difficult>0</difficult>
		<bndbox>
			<xmin>34</xmin>
			<ymin>615</ymin>
			<xmax>110</xmax>
			<ymax>678</ymax>
		</bndbox>
	</object>
</annotation>
