<annotation>
	<folder>Урезанные фотки1</folder>
	<filename>IMG_3734.jpg</filename>
	<path>C:\Users\Даша\OneDrive\Рабочий стол\Фоточки1\Урезанные фотки1\IMG_3734.jpg</path>
	<source>
		<database>Unknown</database>
	</source>
	<size>
		<width>605</width>
		<height>806</height>
		<depth>3</depth>
	</size>
	<segmented>0</segmented>
	<object>
		<name>antenna</name>
		<pose>Unspecified</pose>
		<truncated>0</truncated>
		<difficult>0</difficult>
		<bndbox>
			<xmin>289</xmin>
			<ymin>285</ymin>
			<xmax>302</xmax>
			<ymax>352</ymax>
		</bndbox>
	</object>
	<object>
		<name>antenna</name>
		<pose>Unspecified</pose>
		<truncated>0</truncated>
		<difficult>0</difficult>
		<bndbox>
			<xmin>273</xmin>
			<ymin>354</ymin>
			<xmax>304</xmax>
			<ymax>421</ymax>
		</bndbox>
	</object>
	<object>
		<name>antenna</name>
		<pose>Unspecified</pose>
		<truncated>0</truncated>
		<difficult>0</difficult>
		<bndbox>
			<xmin>310</xmin>
			<ymin>277</ymin>
			<xmax>328</xmax>
			<ymax>335</ymax>
		</bndbox>
	</object>
	<object>
		<name>antenna</name>
		<pose>Unspecified</pose>
		<truncated>0</truncated>
		<difficult>0</difficult>
		<bndbox>
			<xmin>330</xmin>
			<ymin>294</ymin>
			<xmax>340</xmax>
			<ymax>341</ymax>
		</bndbox>
	</object>
	<object>
		<name>antenna</name>
		<pose>Unspecified</pose>
		<truncated>0</truncated>
		<difficult>0</difficult>
		<bndbox>
			<xmin>310</xmin>
			<ymin>343</ymin>
			<xmax>327</xmax>
			<ymax>422</ymax>
		</bndbox>
	</object>
	<object>
		<name>antenna</name>
		<pose>Unspecified</pose>
		<truncated>0</truncated>
		<difficult>0</difficult>
		<bndbox>
			<xmin>331</xmin>
			<ymin>369</ymin>
			<xmax>342</xmax>
			<ymax>439</ymax>
		</bndbox>
	</object>
	<object>
		<name>antenna</name>
		<pose>Unspecified</pose>
		<truncated>0</truncated>
		<difficult>0</difficult>
		<bndbox>
			<xmin>300</xmin>
			<ymin>626</ymin>
			<xmax>324</xmax>
			<ymax>653</ymax>
		</bndbox>
	</object>
</annotation>
